"iati-identifier","title","reporting-org","total-commitment","total-spend","currency","link","activity-status"
"US-GOV-1-7200AA18M00010","Infectious Disease Detection and Surveillance (IDDS)'; Implementing_Mech_Purpose_Smt = 'Accelerate the national response to Multi-Drug Resistant (MDR-TB) and improve TB control, through strengthening of laboratory and diagnostic systems in the public and private sectors.","United States Agency for International Development (USAID)","34,190,000","8,540,840","USD","http://d-portal.org/ctrack.html#view=act&aid=US-GOV-1-7200AA18M00010",3
"DAC-1601-OPP1202716","Supply Chain Data: Estimating On-Shelf Availability of Family Planning Me","Bill & Melinda Gates Foundation","1,727,810","1,727,810","USD","http://d-portal.org/ctrack.html#view=act&aid=DAC-1601-OPP1202716",2
"DAC-1601-OPP1174406","Empowering Evidence-Driven Advocacy","Bill & Melinda Gates Foundation","3,000,000","3,000,000","USD","http://d-portal.org/ctrack.html#view=act&aid=DAC-1601-OPP1174406",2
"44000-P166298","First Fiscal Management, Sustainable Growth and Health Service Delivery Development Policy Operation","The World Bank","100,000,000","98,155,800","USD","http://d-portal.org/ctrack.html#view=act&aid=44000-P166298",2
"GB-CHC-1171353-T-1001187121","Family Planning Burkina Faso","Global Innovation Fund","2,045,700","2,045,700","USD","http://d-portal.org/ctrack.html#view=act&aid=GB-CHC-1171353-T-1001187121",2
"XM-DAC-301-2-109005-001","Centre of Excellence for CRVS Systems: Integrating Gender, Leveraging Population Censuses and Building a Culture of VS Production","Canada - International Development Research Centre/Centre de recherches pour le développement international","2,420,960","1,629,560","USD","http://d-portal.org/ctrack.html#view=act&aid=XM-DAC-301-2-109005-001",2
"DAC-1601-OPP1202548","Temperature Excursion Study","Bill & Melinda Gates Foundation","386,680","386,680","USD","http://d-portal.org/ctrack.html#view=act&aid=DAC-1601-OPP1202548",2
"US-GOV-1-AID-GHS-A-00-09-00003","Promoting the Quality of Medicines (PQM)","United States Agency for International Development (USAID)","78,401,400","88,113,500","USD","http://d-portal.org/ctrack.html#view=act&aid=US-GOV-1-AID-GHS-A-00-09-00003",3
"SE-0-SE-6-5403052903-BFA-13020","Plan International Sweden framework support 2015-2018, 2018-2019 - Plan Sverige ram 2018-2019","Sweden, through Swedish International Development Cooperation Agency (Sida)","244,399","237,056","USD","http://d-portal.org/ctrack.html#view=act&aid=SE-0-SE-6-5403052903-BFA-13020",2
"SE-0-SE-6-5403052902-BFA-13020","Plan International Sweden framework support 2015-2018, 2018-2019 - Plan Sverige ram 2015-2018","Sweden, through Swedish International Development Cooperation Agency (Sida)","116,559","113,057","USD","http://d-portal.org/ctrack.html#view=act&aid=SE-0-SE-6-5403052902-BFA-13020",2
"SE-0-SE-6-5403052901-BFA-13020","Plan International Sweden framework support 2015-2018, 2018-2019 - Plan Sverige ram 2015-2018","Sweden, through Swedish International Development Cooperation Agency (Sida)","42,935","42,935","USD","http://d-portal.org/ctrack.html#view=act&aid=SE-0-SE-6-5403052901-BFA-13020",2
"SE-0-SE-6-5403052902-BFA-13040","Plan International Sweden framework support 2015-2018, 2018-2019 - Plan Sverige ram 2015-2018","Sweden, through Swedish International Development Cooperation Agency (Sida)","72,781","71,779","USD","http://d-portal.org/ctrack.html#view=act&aid=SE-0-SE-6-5403052902-BFA-13040",2
"US-GOV-1-AID-OAA-A-11-00024","Evidence to Action (E2A)","United States Agency for International Development (USAID)","256,732,000","256,719,000","USD","http://d-portal.org/ctrack.html#view=act&aid=US-GOV-1-AID-OAA-A-11-00024",3
"US-GOV-1-720202063428","USAID Travel and Transportation","United States Agency for International Development (USAID)","-8,680","3,571","USD","http://d-portal.org/ctrack.html#view=act&aid=US-GOV-1-720202063428",3
"DAC-1601-OPP1175059","Kaizen (CI) related support to SOLVE countries with focus on FP (Family P","Bill & Melinda Gates Foundation","2,258,900","2,258,900","USD","http://d-portal.org/ctrack.html#view=act&aid=DAC-1601-OPP1175059",2
"US-GOV-1-720202063459","USAID Travel and Transportation","United States Agency for International Development (USAID)","1,454,700","1,336,130","USD","http://d-portal.org/ctrack.html#view=act&aid=US-GOV-1-720202063459",3
"US-GOV-1-720202063372","USAID Travel and Transportation","United States Agency for International Development (USAID)","1,359,330","1,340,570","USD","http://d-portal.org/ctrack.html#view=act&aid=US-GOV-1-720202063372",3
"US-GOV-1-720202063065","USAID Miscellaneous Goods, Services, and Operations Maintanence","United States Agency for International Development (USAID)","14,314","11,637","USD","http://d-portal.org/ctrack.html#view=act&aid=US-GOV-1-720202063065",3
"US-GOV-2-BF-FFE-686-2014047-00","McGovern-Dole. McGovern-Dole Program","United States","11,615,200","11,615,200","USD","http://d-portal.org/ctrack.html#view=act&aid=US-GOV-2-BF-FFE-686-2014047-00",2
"XM-DAC-301-2-108553-001","Examining effects of user fee abolishment for women and children in Burkina Faso","Canada - International Development Research Centre/Centre de recherches pour le développement international","399,344","185,556","USD","http://d-portal.org/ctrack.html#view=act&aid=XM-DAC-301-2-108553-001",2
"US-GOV-1-AID-624-A-13-00010","Improving Malaria Care (IMC)","United States Agency for International Development (USAID)","17,786,100","17,651,800","USD","http://d-portal.org/ctrack.html#view=act&aid=US-GOV-1-AID-624-A-13-00010",3
"NL-KVK-27378529-PDP15CH19","Breaking the cycle in malaria: prevention and protection for all,","Netherlands Enterprise Agency","16,776,600","12,803,400","USD","http://d-portal.org/ctrack.html#view=act&aid=NL-KVK-27378529-PDP15CH19",2
"DAC-1601-OPP1180469","Francophone West Africa (OP) Regional Hub for RMNCH Continuum Delivery of","Bill & Melinda Gates Foundation","7,000,000","7,000,000","USD","http://d-portal.org/ctrack.html#view=act&aid=DAC-1601-OPP1180469",2
"DAC-1601-OPP1158437","Innovative models that drive intent to use and decision autonomy for mode","Bill & Melinda Gates Foundation","7,000,000","7,000,000","USD","http://d-portal.org/ctrack.html#view=act&aid=DAC-1601-OPP1158437",2
"US-USAGOV-14-PEPFAR-81059","Mechanism 81059 - GHSC-PSM","United States","2,324,590",0,"USD","http://d-portal.org/ctrack.html#view=act&aid=US-USAGOV-14-PEPFAR-81059",2
"47122-BFA-IPV","Burkina Faso: Inactivated Polio Vaccine","Gavi, the vaccine alliance","5,207,200","4,030,880","USD","http://d-portal.org/ctrack.html#view=act&aid=47122-BFA-IPV",2
"SE-ON-802017-3517-BF-3975","CRIGED Gender, sexual health and reproduction of young people in schools 2016-2020","Diakonia Sweden","32,052",0,"USD","http://d-portal.org/ctrack.html#view=act&aid=SE-ON-802017-3517-BF-3975",2
"US-GOV-1-AID-625-A-14-00001","Resilience and Economic Growth in the Sahel - Enhanced Resilience","United States Agency for International Development (USAID)","76,645,500","70,069,900","USD","http://d-portal.org/ctrack.html#view=act&aid=US-GOV-1-AID-625-A-14-00001",3
"47122-BFA-PENTA","Burkina Faso: Pentavalent","Gavi, the vaccine alliance","67,088,500","67,171,400","USD","http://d-portal.org/ctrack.html#view=act&aid=47122-BFA-PENTA",2
"47122-BFA-RV","Burkina Faso: Rotavirus","Gavi, the vaccine alliance","52,898,200","47,977,500","USD","http://d-portal.org/ctrack.html#view=act&aid=47122-BFA-RV",2
"XM-DAC-41122-Burkina%20Faso-4590%2FA0%2F05%2F883%2F002","2. DEMAND FOR Water, Sanitation, and Hygiene (WASH) SERVICES","United Nations Children's Fund (UNICEF)","9,223,300","6,073,620","USD","http://d-portal.org/ctrack.html#view=act&aid=XM-DAC-41122-Burkina%20Faso-4590%2FA0%2F05%2F883%2F002",2
"XM-DAC-41122-Burkina%20Faso-4590%2FA0%2F05%2F883%2F001","1. Water, Sanitation, and Hygiene (WASH) SERVICE DELIVERY","United Nations Children's Fund (UNICEF)","9,246,480","8,628,000","USD","http://d-portal.org/ctrack.html#view=act&aid=XM-DAC-41122-Burkina%20Faso-4590%2FA0%2F05%2F883%2F001",2
"XM-DAC-5-7-6609704","Furnishing biosecurity, G5 Sahel and Tunisia","Germany - Federal Foreign Office","2,544,870","2,644,270","USD","http://d-portal.org/ctrack.html#view=act&aid=XM-DAC-5-7-6609704",2
"47045-BFA-C-IPC","Scaling-up of high impact and integrated community interventions in the fight against HIV and TB","The Global Fund to Fight AIDS, Tuberculosis and Malaria","14,677,500","14,651,500","USD","http://d-portal.org/ctrack.html#view=act&aid=47045-BFA-C-IPC",2
"XM-DAC-41122-Burkina%20Faso-4590%2FA0%2F05%2F882%2F004","BEHAVIORAL CHANGE FOR OPTIMAL NUTRITION PRACTICES IN COMMUNITIES","United Nations Children's Fund (UNICEF)","5,780,020","3,386,690","USD","http://d-portal.org/ctrack.html#view=act&aid=XM-DAC-41122-Burkina%20Faso-4590%2FA0%2F05%2F882%2F004",2
"XM-DAC-41122-Burkina%20Faso-4590%2FA0%2F05%2F882%2F003","BUILDING STAFF CAPACITIES TO DELIVER QUALITY NUTRITION SERVICES","United Nations Children's Fund (UNICEF)","20,956,800","16,777,800","USD","http://d-portal.org/ctrack.html#view=act&aid=XM-DAC-41122-Burkina%20Faso-4590%2FA0%2F05%2F882%2F003",2
"47045-BFA-H-SPCNLS","Scaling-up of high impact interventions in the fight against HIV/AIDS","The Global Fund to Fight AIDS, Tuberculosis and Malaria","102,145,000","93,105,700","USD","http://d-portal.org/ctrack.html#view=act&aid=47045-BFA-H-SPCNLS",2
"XM-DAC-41122-Burkina%20Faso-4590%2FA0%2F05%2F882%2F002","DESIGN SCALING UP PLANS OF NUTRITION INTERVENTIONS","United Nations Children's Fund (UNICEF)","629,521","375,096","USD","http://d-portal.org/ctrack.html#view=act&aid=XM-DAC-41122-Burkina%20Faso-4590%2FA0%2F05%2F882%2F002",2
"XM-DAC-41122-Burkina%20Faso-4590%2FA0%2F05%2F882%2F001","NUTRITION GOUVERNANCE &amp; ENABLING ENVIRONMENT","United Nations Children's Fund (UNICEF)","3,330,530","2,388,490","USD","http://d-portal.org/ctrack.html#view=act&aid=XM-DAC-41122-Burkina%20Faso-4590%2FA0%2F05%2F882%2F001",2
"XM-DAC-41122-Burkina%20Faso-4590%2FA0%2F05%2F881%2F005","5. HEALTH SYSTEM STRENGTHENING FOR MNCAH/ NUTRITION","United Nations Children's Fund (UNICEF)","2,877,440","2,179,130","USD","http://d-portal.org/ctrack.html#view=act&aid=XM-DAC-41122-Burkina%20Faso-4590%2FA0%2F05%2F881%2F005",2
"XM-DAC-41122-Burkina%20Faso-4590%2FA0%2F05%2F881%2F003","3. HIV PREVENTION AND CARE","United Nations Children's Fund (UNICEF)","1,788,380","1,332,980","USD","http://d-portal.org/ctrack.html#view=act&aid=XM-DAC-41122-Burkina%20Faso-4590%2FA0%2F05%2F881%2F003",2
"CA-3-D002242001","Enhanced Child Health Days","Canada - Global Affairs Canada | Affaires mondiales Canada","52,825,700","40,612,900","USD","http://d-portal.org/ctrack.html#view=act&aid=CA-3-D002242001",2
"CA-3-M013802001","Innovating for Maternal and Child Health in Africa (IMCHA)","Canada - Global Affairs Canada | Affaires mondiales Canada","10,801,400","9,508,430","USD","http://d-portal.org/ctrack.html#view=act&aid=CA-3-M013802001",2
"XM-DAC-41122-Burkina%20Faso-4590%2FA0%2F05%2F881%2F002","2. QUALITY CHILD HEALTH SERVICES","United Nations Children's Fund (UNICEF)","14,293,800","8,243,190","USD","http://d-portal.org/ctrack.html#view=act&aid=XM-DAC-41122-Burkina%20Faso-4590%2FA0%2F05%2F881%2F002",2
"XM-DAC-41122-Burkina%20Faso-4590%2FA0%2F05%2F881%2F001","1.CAPACITY OF HEALTH WORKERS ON MNH","United Nations Children's Fund (UNICEF)","2,193,360","1,480,010","USD","http://d-portal.org/ctrack.html#view=act&aid=XM-DAC-41122-Burkina%20Faso-4590%2FA0%2F05%2F881%2F001",2
"DAC-1601-OPP1173618","Improving nutrition data availability and use within routine data systems","Bill & Melinda Gates Foundation","2,057,440","1,657,090","USD","http://d-portal.org/ctrack.html#view=act&aid=DAC-1601-OPP1173618",2
"47045-BFA-M-PADS","Scaling-up Malaria Control Interventions and systems strengthening in Burkina Faso","The Global Fund to Fight AIDS, Tuberculosis and Malaria","221,369,000","195,233,000","USD","http://d-portal.org/ctrack.html#view=act&aid=47045-BFA-M-PADS",2
"DAC-1601-OPP1193117","Ouagadougou Partnership Coordination Unit: Achieving FP2020 Goals and Cha","Bill & Melinda Gates Foundation","5,000,000","5,000,000","USD","http://d-portal.org/ctrack.html#view=act&aid=DAC-1601-OPP1193117",2
"47045-BFA-T-PADS","Scaling-up of high impact interventions in the fight against TB based on the STOP TB strategy","The Global Fund to Fight AIDS, Tuberculosis and Malaria","10,135,900","8,273,900","USD","http://d-portal.org/ctrack.html#view=act&aid=47045-BFA-T-PADS",2
"XM-DAC-41122-Burkina%20Faso-4590%2FA0%2F05%2F885%2F001","1. CHILD PROTECTION LEGAL FRAMEWORK","United Nations Children's Fund (UNICEF)","4,783,540","2,283,440","USD","http://d-portal.org/ctrack.html#view=act&aid=XM-DAC-41122-Burkina%20Faso-4590%2FA0%2F05%2F885%2F001",2
"FI-3-2019-2019000218","Project of strengthening the supply and demand of civil register as well as health and social welfare services in CSPS (PRODEPS)","Finland - Ministry for Foreign Affairs","104,911",0,"USD","http://d-portal.org/ctrack.html#view=act&aid=FI-3-2019-2019000218",2
"GB-CHC-207544-46002","Burkina Faso NTD control programme","Sightsavers","217,217","754,860","USD","http://d-portal.org/ctrack.html#view=act&aid=GB-CHC-207544-46002",2
"GB-CHC-207544-46003","Burkina Faso Trachoma Control Programme","Sightsavers","56,146","244,040","USD","http://d-portal.org/ctrack.html#view=act&aid=GB-CHC-207544-46003",4
"47122-BFA-MenA","Burkina Faso: Meningitis A","Gavi, the vaccine alliance","7,930,430","7,930,430","USD","http://d-portal.org/ctrack.html#view=act&aid=47122-BFA-MenA",2
"NL-KVK-27378529-23408","Private Sector Investment programme (PSI)","Netherlands Enterprise Agency",0,0,"USD","http://d-portal.org/ctrack.html#view=act&aid=NL-KVK-27378529-23408",2
"47122-BFA-PCV","Burkina Faso: Pneumococcal Conjugate Vaccines","Gavi, the vaccine alliance","84,574,900","84,212,200","USD","http://d-portal.org/ctrack.html#view=act&aid=47122-BFA-PCV",2
"DAC-1601-OPP1160089","Beyond Bias","Bill & Melinda Gates Foundation","5,377,540","4,739,540","USD","http://d-portal.org/ctrack.html#view=act&aid=DAC-1601-OPP1160089",2
"GB-CHC-313757-DFI024","International Citizen Service (ICS)","Voluntary Service Overseas (VSO)","80,144,500","80,144,500","USD","http://d-portal.org/ctrack.html#view=act&aid=GB-CHC-313757-DFI024",2
"XI-IATI-EC_DEVCO-2018%2F394-592","Promotion des droits à la santé de lenfant de de la femme dans la région des Hauts-Bassins","European Commission - Directorate-General for International Cooperation and Development","868,022","868,022","USD","http://d-portal.org/ctrack.html#view=act&aid=XI-IATI-EC_DEVCO-2018%2F394-592",2
"XI-IATI-EC_DEVCO-2018%2F394-590","Veille communautaire dans la région de la Boucle du Mouhoun et le district sanitaire  de Séguénéga","European Commission - Directorate-General for International Cooperation and Development","837,492","837,492","USD","http://d-portal.org/ctrack.html#view=act&aid=XI-IATI-EC_DEVCO-2018%2F394-590",2
"DAC-1601-OPP1190009","“Change Lab”: Developing CSOs capacities for a more powerful Family Plann","Bill & Melinda Gates Foundation","2,400,000","1,950,000","USD","http://d-portal.org/ctrack.html#view=act&aid=DAC-1601-OPP1190009",2
"CA-3-P005740001","Reducing Child, Early and Forced Marriage in Burkina Faso and Sierra Leone","Canada - Global Affairs Canada | Affaires mondiales Canada","9,088,190","1,290,440","USD","http://d-portal.org/ctrack.html#view=act&aid=CA-3-P005740001",2
"DAC-1601-OPP1198181","Accelerating uptake of an expanded method mix: assisting OP countries to","Bill & Melinda Gates Foundation","4,000,000","4,000,000","USD","http://d-portal.org/ctrack.html#view=act&aid=DAC-1601-OPP1198181",2
"DAC-1601-OPP1178471","Leveraging community mobilisers for family planning (FP) promotion in the","Bill & Melinda Gates Foundation","6,231,640","4,121,580","USD","http://d-portal.org/ctrack.html#view=act&aid=DAC-1601-OPP1178471",2
"DAC-1601-OPP1181615","Ensuring and monitoring quality of implant service delivery throughout in","Bill & Melinda Gates Foundation","3,403,230","3,213,450","USD","http://d-portal.org/ctrack.html#view=act&aid=DAC-1601-OPP1181615",2
"DAC-1601-OPP1189292","The CAP Project (Change, Act and Progress) for a Burkina Faso free of mal","Bill & Melinda Gates Foundation","1,027,050","795,000","USD","http://d-portal.org/ctrack.html#view=act&aid=DAC-1601-OPP1189292",2
"XM-DAC-301-2-108676-002","The gendered socialization of very young adolescents in schools and sexual and reproductive health","Canada - International Development Research Centre/Centre de recherches pour le développement international","160,123","112,112","USD","http://d-portal.org/ctrack.html#view=act&aid=XM-DAC-301-2-108676-002",2
"XM-DAC-301-2-108676-001","The gendered socialization of very young adolescents in schools and sexual and reproductive health","Canada - International Development Research Centre/Centre de recherches pour le développement international","215,828","112,832","USD","http://d-portal.org/ctrack.html#view=act&aid=XM-DAC-301-2-108676-001",2
"XM-DAC-301-2-108676-004","The gendered socialization of very young adolescents in schools and sexual and reproductive health","Canada - International Development Research Centre/Centre de recherches pour le développement international","185,197","97,022","USD","http://d-portal.org/ctrack.html#view=act&aid=XM-DAC-301-2-108676-004",2
"XI-IATI-EC_DEVCO-2018%2F396-996","Création d'un observatoire territorial de la gratuité des soins pour les indigents","European Commission - Directorate-General for International Cooperation and Development","138,538","138,538","USD","http://d-portal.org/ctrack.html#view=act&aid=XI-IATI-EC_DEVCO-2018%2F396-996",2
"XI-IATI-EC_DEVCO-2018%2F397-658","Programme d'Appui à la Modernisation du Système d'Etat Civil au Burkina Faso","European Commission - Directorate-General for International Cooperation and Development","1,581,260","1,581,260","USD","http://d-portal.org/ctrack.html#view=act&aid=XI-IATI-EC_DEVCO-2018%2F397-658",2
"XI-IATI-EC_DEVCO-2018%2F383-693","Devis programme PAPS 2","European Commission - Directorate-General for International Cooperation and Development","1,187,770","1,187,770","USD","http://d-portal.org/ctrack.html#view=act&aid=XI-IATI-EC_DEVCO-2018%2F383-693",2
"CA-3-D003027001","Technological Platform for Civic Engagement and Improved Health Systems","Canada - Global Affairs Canada | Affaires mondiales Canada","2,996,460","1,649,370","USD","http://d-portal.org/ctrack.html#view=act&aid=CA-3-D003027001",2
"DAC-1601-OPP1175213","Testing the efficacy of a designed nutritious food supplement for pregnan","Bill & Melinda Gates Foundation","4,207,100","3,779,610","USD","http://d-portal.org/ctrack.html#view=act&aid=DAC-1601-OPP1175213",2
"GB-COH-1102208-B012-E2738","WISH - Women’s Integrated Sexual Health (Lot 1)","Marie Stopes International","46,238,500","46,238,500","USD","http://d-portal.org/ctrack.html#view=act&aid=GB-COH-1102208-B012-E2738",2
"CH-4-2018009276","Morija, Nutrition &amp; Wash","Switzerland - Swiss Agency for Development and Cooperation (SDC)","629,992","629,992","USD","http://d-portal.org/ctrack.html#view=act&aid=CH-4-2018009276",2
"XM-DAC-6-4-011875-01-0","Paths for social reintegration of people with mental illness in Burkina Faso","AICS - Agenzia Italiana per la Cooperazione allo Sviluppo / Italian Agency for Cooperation and Development","949,701","561,028","USD","http://d-portal.org/ctrack.html#view=act&aid=XM-DAC-6-4-011875-01-0",2
"CH-4-2018000980","Burkina Faso - Morija, Nutrition &amp; Wash","Switzerland - Swiss Agency for Development and Cooperation (SDC)","1,512,050","403,214","USD","http://d-portal.org/ctrack.html#view=act&aid=CH-4-2018000980",2
"GB-COH-2695347-10966","Women's Integrated Sexual Health (WISH) Lot1","Options Consultancy Services","1,394,880","1,394,880","USD","http://d-portal.org/ctrack.html#view=act&aid=GB-COH-2695347-10966",2
"DAC-1601-OPP1174256","DATA-DENT (Data for Decisions to Expand Nutrition Transformation): An ini","Bill & Melinda Gates Foundation","7,000,000","4,750,400","USD","http://d-portal.org/ctrack.html#view=act&aid=DAC-1601-OPP1174256",2
"CA-3-D004659001","Promotion of Sexual and Reproductive Health and Rights and Nutrition for Adolescent Girls","Canada - Global Affairs Canada | Affaires mondiales Canada","7,624,750","7,485,280","USD","http://d-portal.org/ctrack.html#view=act&aid=CA-3-D004659001",2
"CH-4-2018009274","TdH, SAN","Switzerland - Swiss Agency for Development and Cooperation (SDC)","508,566","508,566","USD","http://d-portal.org/ctrack.html#view=act&aid=CH-4-2018009274",2
"CA-3-D001974001","Maternal Child Health Initiative - World Neighbours Canada","Canada - Global Affairs Canada | Affaires mondiales Canada","747,450","583,720","USD","http://d-portal.org/ctrack.html#view=act&aid=CA-3-D001974001",2
"DAC-1601-OPP1197730","Malaria Eradication Metrics (MAP)","Bill & Melinda Gates Foundation","2,615,590","1,084,140","USD","http://d-portal.org/ctrack.html#view=act&aid=DAC-1601-OPP1197730",2
"CH-4-2018000978","Burkina Faso - TdH, SAN","Switzerland - Swiss Agency for Development and Cooperation (SDC)","1,512,050","402,710","USD","http://d-portal.org/ctrack.html#view=act&aid=CH-4-2018000978",2
"XI-IATI-EC_DEVCO-2018%2F394-510","Fourniture d'assistance technique et gestion du financement de l'appui institutionnel du PAPS 2","European Commission - Directorate-General for International Cooperation and Development","1,497,120","1,497,120","USD","http://d-portal.org/ctrack.html#view=act&aid=XI-IATI-EC_DEVCO-2018%2F394-510",2
"GB-GOV-10-FF_MA","Fleming Fund – Country and Regional Grants and Fellowships Programme","UK - Department of Health and Social Care (DHSC)","290,017,000","46,781,100","USD","http://d-portal.org/ctrack.html#view=act&aid=GB-GOV-10-FF_MA",2
"XI-IATI-EC_DEVCO-2019%2F407-596","Subvention à l'INSP - Institut National de Santé Publique pour la production d'évidences sur le financement public de la santé et sur la protection de la santé des populations","European Commission - Directorate-General for International Cooperation and Development","706,984","706,984","USD","http://d-portal.org/ctrack.html#view=act&aid=XI-IATI-EC_DEVCO-2019%2F407-596",2
"XI-IATI-EC_DEVCO-2017%2F380-499","Contrat de réforme sectoriel santé","European Commission - Directorate-General for International Cooperation and Development","50,888,300","50,888,300","USD","http://d-portal.org/ctrack.html#view=act&aid=XI-IATI-EC_DEVCO-2017%2F380-499",2
"XI-IATI-EC_DEVCO-2019%2F404-038","Production et utilisation de données factuelles pour l'aide aux décisions dans le cadre de la couverture sanitaire universelle au Burkina Faso","European Commission - Directorate-General for International Cooperation and Development","319,709","319,709","USD","http://d-portal.org/ctrack.html#view=act&aid=XI-IATI-EC_DEVCO-2019%2F404-038",2
"SE-0-SE-6-5403054102-BFA-13040","Diakonia frame 2016-2020","Sweden, through Swedish International Development Cooperation Agency (Sida)","19,655","19,639","USD","http://d-portal.org/ctrack.html#view=act&aid=SE-0-SE-6-5403054102-BFA-13040",2
"SE-0-SE-6-5403054101-BFA-13040","Diakonia frame 2016-2020 - Diakonia frame 2016","Sweden, through Swedish International Development Cooperation Agency (Sida)","12,557","12,557","USD","http://d-portal.org/ctrack.html#view=act&aid=SE-0-SE-6-5403054101-BFA-13040",2
"SE-0-SE-6-5403054102-BFA-13020","Diakonia frame 2016-2020","Sweden, through Swedish International Development Cooperation Agency (Sida)","82,212","78,215","USD","http://d-portal.org/ctrack.html#view=act&aid=SE-0-SE-6-5403054102-BFA-13020",2
"DAC-1601-OPP1194512","Improved methods and research for understanding costs, benefits and susta","Bill & Melinda Gates Foundation","2,469,610","1,872,400","USD","http://d-portal.org/ctrack.html#view=act&aid=DAC-1601-OPP1194512",2
"US-GOV-1-AID-OAA-A-17-00002","Health Evaluation and Applied Research Development (HEARD)","United States Agency for International Development (USAID)","19,946,800","8,598,080","USD","http://d-portal.org/ctrack.html#view=act&aid=US-GOV-1-AID-OAA-A-17-00002",2
"BE-BCE_KBO-0462132150-PROG2017-2021_Outcome_BurkinaFaso","PROG 2017-2021_Outcome_Burkina Faso_Améliorer l'état de santé des populations les plus vulnérables, tout particulièrement les femmes en âge de reproduction et les enfants de moins de 5 ans, dans le district sanitaire de Mangodara","Croix-Rouge de Belgique Communauté francophone - Activités internationales ASBL","998,426","706,251","USD","http://d-portal.org/ctrack.html#view=act&aid=BE-BCE_KBO-0462132150-PROG2017-2021_Outcome_BurkinaFaso",2
"47122-BFA-HSS","Burkina Faso: Health System Strengthening","Gavi, the vaccine alliance","17,957,300","20,197,300","USD","http://d-portal.org/ctrack.html#view=act&aid=47122-BFA-HSS",2
"BE-BCE_KBO-0410057701-PROG17-21_03OC1","PROG17-21_03OC1_To strengthen the research capacity related to health in the resource limited setting of Burkina Faso","Institute of Tropical Medicine","830,709","732,804","USD","http://d-portal.org/ctrack.html#view=act&aid=BE-BCE_KBO-0410057701-PROG17-21_03OC1",2
"BE-BCE_KBO-0410057701-PROG17-21_BK","PROG17-21_BK_Management costs","Institute of Tropical Medicine","2,857,250","2,857,250","USD","http://d-portal.org/ctrack.html#view=act&aid=BE-BCE_KBO-0410057701-PROG17-21_BK",2
"BE-BCE_KBO-0415880570-PROG2017-2021-BFOS2","PROG2017-2021_Outcome_L’accès aux soins de réadaptation de qualité, au bénéfice des personnes atteintes d’une incapacité (facteur de handicap) avec une attention particulière pour les personnes les plus vulnérables (PH, femmes, indigents) est amélioré au Burkina Faso, dans les zones de Ouagadougou et Tenkodogo","Association pour la Promotion de l'Education et de la Formation à l'Etranger","867,246","867,246","USD","http://d-portal.org/ctrack.html#view=act&aid=BE-BCE_KBO-0415880570-PROG2017-2021-BFOS2",2
"BE-BCE_KBO-0546740696-PG2017-2021_BF","PG 2017-2021_Outcome_ Renforcement et valorisation, par des partenariats, de la contribution des acteurs académiques au développement humain durable du Burkina Faso_ARES","Académie de recherche et d'enseignement supérieur","2,744,340","2,591,140","USD","http://d-portal.org/ctrack.html#view=act&aid=BE-BCE_KBO-0546740696-PG2017-2021_BF",2
"DAC-1601-OPP1181284","Malnutrition Reduction Project in the Sahel","Bill & Melinda Gates Foundation","5,000,000","2,912,470","USD","http://d-portal.org/ctrack.html#view=act&aid=DAC-1601-OPP1181284",2
"DAC-1601-OPP1193410","UNFPA Supplies - Ouagadougou Partnership Commodity Matching Fund","Bill & Melinda Gates Foundation","18,000,000","5,766,850","USD","http://d-portal.org/ctrack.html#view=act&aid=DAC-1601-OPP1193410",2
"DAC-1601-OPP1193765","Introducing Antenatal Multiple Micronutrient Supplementation in Prioritiz","Bill & Melinda Gates Foundation","4,999,990","2,274,330","USD","http://d-portal.org/ctrack.html#view=act&aid=DAC-1601-OPP1193765",2
"GB-CHC-1038860-28437","Core funding to support Frontline AIDS' strategy","Frontline AIDS","2,376,050","10,408,300","USD","http://d-portal.org/ctrack.html#view=act&aid=GB-CHC-1038860-28437",2
"GB-CHC-1038860-28437-02","Core funding to support the Frontline AIDS strategy: PR02 Health and Community Systems Strengthening","Frontline AIDS","2,224,330","2,224,330","USD","http://d-portal.org/ctrack.html#view=act&aid=GB-CHC-1038860-28437-02",2
"KR-GOV-051-2018070154286","Project to elimate Mother-To-Child Transmission of HIV in Burkina Faso","Republic of Korea","1,305,580","415,547","USD","http://d-portal.org/ctrack.html#view=act&aid=KR-GOV-051-2018070154286",2
"NL-KVK-41207989-P-40909-2019041%20-%202S3202","2019041 (ICWEA) Stronger Networks of Women Living with HIV: Influencing processes for the delivery of human rights-based and gender responsive HIV services","Aidsfonds - Soa Aids Nederland","640,000","640,000","USD","http://d-portal.org/ctrack.html#view=act&aid=NL-KVK-41207989-P-40909-2019041%20-%202S3202",2
"XI-IATI-EC_DEVCO-2019%2F404-458","Services sanitaires, services communaux d'état civil et OSC pour la promotion sociale et les droits des femmes et des enfants","European Commission - Directorate-General for International Cooperation and Development","990,730","990,730","USD","http://d-portal.org/ctrack.html#view=act&aid=XI-IATI-EC_DEVCO-2019%2F404-458",2
"XI-IATI-EC_DEVCO-2018%2F403-376","Accompagner les dynamiques démographiques au Burkina Faso : projet de renforcement de l'offre et de la demande de services de promotion sociale et d'état civil dans la Boucle du Mouhoun et le Centre-Ouest","European Commission - Directorate-General for International Cooperation and Development","1,818,880","1,818,880","USD","http://d-portal.org/ctrack.html#view=act&aid=XI-IATI-EC_DEVCO-2018%2F403-376",2
"XI-IATI-EC_DEVCO-2018%2F403-390","Projet de renforcement de l'offre et de la demande de services d'état civil et de promotion sociale au niveau des CSPS, des communes et en milieu scolaire dans les régions des Cascades, Hauts Bassins, et Sud-Ouest (PRODEPS)","European Commission - Directorate-General for International Cooperation and Development","1,531,390","1,531,390","USD","http://d-portal.org/ctrack.html#view=act&aid=XI-IATI-EC_DEVCO-2018%2F403-390",2
"XI-IATI-EC_DEVCO-2017%2F394-211","Vérification financière de devis programme pluriannuel du Programme d'appui à la Politique sectorielle santé II (PAPS II) financée par le 11ème FED","European Commission - Directorate-General for International Cooperation and Development","27,912","27,912","USD","http://d-portal.org/ctrack.html#view=act&aid=XI-IATI-EC_DEVCO-2017%2F394-211",2
"XI-IATI-EC_DEVCO-2018%2F403-370","Projet de renforcement du Droit à la Promotion Sociale et à l'Etat Civil des populations du Centre Nord, Nord et Sahel (PRODEC)","European Commission - Directorate-General for International Cooperation and Development","1,637,280","1,637,280","USD","http://d-portal.org/ctrack.html#view=act&aid=XI-IATI-EC_DEVCO-2018%2F403-370",2
"XM-DAC-301-2-108937-002","Catalysing leadership to improve health outcomes for women, adolescents, and children in West Africa","Canada - International Development Research Centre/Centre de recherches pour le développement international","79,237",0,"USD","http://d-portal.org/ctrack.html#view=act&aid=XM-DAC-301-2-108937-002",2
"XM-DAC-301-2-108937-001","Catalysing leadership to improve health outcomes for women, adolescents, and children in West Africa","Canada - International Development Research Centre/Centre de recherches pour le développement international","252,078","51,627","USD","http://d-portal.org/ctrack.html#view=act&aid=XM-DAC-301-2-108937-001",2
"XM-DAC-301-2-108937-003","Catalysing leadership to improve health outcomes for women, adolescents, and children in West Africa","Canada - International Development Research Centre/Centre de recherches pour le développement international","229,855","74,343","USD","http://d-portal.org/ctrack.html#view=act&aid=XM-DAC-301-2-108937-003",2
"CA-3-D000113001","Support for Burkina Faso's Basic Education Strategic Development Program","Canada - Global Affairs Canada | Affaires mondiales Canada","39,129,200","22,803,400","USD","http://d-portal.org/ctrack.html#view=act&aid=CA-3-D000113001",2
"XI-IATI-EC_DEVCO-2018%2F397-535","Projet de réduction de la prévalence de la malnutrition chronique dans la province des Banwa","European Commission - Directorate-General for International Cooperation and Development","1,340,020","1,340,020","USD","http://d-portal.org/ctrack.html#view=act&aid=XI-IATI-EC_DEVCO-2018%2F397-535",2
"DAC-1601-OPP1170427","Alive &amp; Thrive Generation 2.0","Bill & Melinda Gates Foundation","41,271,900","29,891,600","USD","http://d-portal.org/ctrack.html#view=act&aid=DAC-1601-OPP1170427",2
"XI-IATI-EC_DEVCO-2018%2F397-545","Projet d'Action Multisectorielle pour la prévention de la malnutrition chronique dans la région des Cascades, au Burkina Faso","European Commission - Directorate-General for International Cooperation and Development","1,718,700","1,718,700","USD","http://d-portal.org/ctrack.html#view=act&aid=XI-IATI-EC_DEVCO-2018%2F397-545",2
"XI-IATI-EC_DEVCO-2018%2F397-536","LA SANTE VIENT EN MANGEANT: Projet pour la prévention de la malnutrition chronique, l'amélioration de l'accès à l'alimentation et le renforcement de la gouvernance participative de la nutrition dans les Districts Sanitaire de Banfora et Mangodara.","European Commission - Directorate-General for International Cooperation and Development","619,715","619,715","USD","http://d-portal.org/ctrack.html#view=act&aid=XI-IATI-EC_DEVCO-2018%2F397-536",2
"XI-IATI-EC_DEVCO-2018%2F397-533","PREMAM - Mise en oeuvre d'une stratégie globale et concertée pour prévenir durablement la malnutrition chronique dans la boucle du Mouhoun (provinces du Mouhoun et du Nayala)","European Commission - Directorate-General for International Cooperation and Development","677,565","677,565","USD","http://d-portal.org/ctrack.html#view=act&aid=XI-IATI-EC_DEVCO-2018%2F397-533",2
"CA-3-D000062001","Field Support Services - Burkina Faso 2017-2022","Canada - Global Affairs Canada | Affaires mondiales Canada","4,056,640",0,"USD","http://d-portal.org/ctrack.html#view=act&aid=CA-3-D000062001",2
"DAC-1601-OPP1183132","Investment in Youth Engagement and Family Planning for Adolescent Sexual","Bill & Melinda Gates Foundation","4,500,000","2,500,000","USD","http://d-portal.org/ctrack.html#view=act&aid=DAC-1601-OPP1183132",2
"XI-IATI-EC_DEVCO-2018%2F403-377","Promotion sociale et planification familiale :Ensemble pour une meilleure santé desfamilles, jeunes et adolescents au Centre-Est et à l'Est du Burkina Faso.","European Commission - Directorate-General for International Cooperation and Development","1,196,500","1,196,500","USD","http://d-portal.org/ctrack.html#view=act&aid=XI-IATI-EC_DEVCO-2018%2F403-377",2
"XI-IATI-EC_DEVCO-2017%2F388-912","Subvention à l'INSD du Burkina Faso pour la réalisation de la PNIN","European Commission - Directorate-General for International Cooperation and Development","951,840","951,840","USD","http://d-portal.org/ctrack.html#view=act&aid=XI-IATI-EC_DEVCO-2017%2F388-912",2
"XI-IATI-EC_DEVCO-2018%2F397-595","Amélioration de la prévention de la malnutrition chronique dans la province de Poni, région du Sud-Ouest au Burkina Faso.","European Commission - Directorate-General for International Cooperation and Development","959,845","959,845","USD","http://d-portal.org/ctrack.html#view=act&aid=XI-IATI-EC_DEVCO-2018%2F397-595",2
"XI-IATI-EC_DEVCO-2019%2F405-955","Contrat de monitoring permanent du programme Population","European Commission - Directorate-General for International Cooperation and Development","53,280","53,280","USD","http://d-portal.org/ctrack.html#view=act&aid=XI-IATI-EC_DEVCO-2019%2F405-955",2
"XM-DAC-6-4-011874-01-5","Improving nutritional security of women and children in the Heath Districts of Garango e Tenkodogo, Burkina Faso","AICS - Agenzia Italiana per la Cooperazione allo Sviluppo / Italian Agency for Cooperation and Development","1,583,370","557,215","USD","http://d-portal.org/ctrack.html#view=act&aid=XM-DAC-6-4-011874-01-5",2
"21032-4423","Prevention of Mosquito-Borne Diseases","Population Service International","869,420","869,420","USD","http://d-portal.org/ctrack.html#view=act&aid=21032-4423",2
"US-GOV-1-AID-OAA-A-15-00051","Health Policy Plus (HP+) project","United States Agency for International Development (USAID)","153,037,000","135,262,000","USD","http://d-portal.org/ctrack.html#view=act&aid=US-GOV-1-AID-OAA-A-15-00051",2
"US-GOV-1-AID-624-A-17-00004","Ending AIDS in West Africa - HIV/AIDS Prevention, Care and Treatment activities in West Africa","United States Agency for International Development (USAID)","14,507,600","5,094,210","USD","http://d-portal.org/ctrack.html#view=act&aid=US-GOV-1-AID-624-A-17-00004",2
"US-USAGOV-14-PEPFAR-81056","Mechanism 81056 - Ending AIDS in West Africa (#EAWA)","United States","3,889,700",0,"USD","http://d-portal.org/ctrack.html#view=act&aid=US-USAGOV-14-PEPFAR-81056",2
"US-GOV-1-AID-OAA-TO-17-00027","PMI VectorLink Project","United States Agency for International Development (USAID)","304,747,000","185,581,000","USD","http://d-portal.org/ctrack.html#view=act&aid=US-GOV-1-AID-OAA-TO-17-00027",2
"CA-3-D001692001","Scaling Her Voice on Air in Burkina Faso, Ghana, Mali and Senegal","Canada - Global Affairs Canada | Affaires mondiales Canada","3,796,780","1,927,900","USD","http://d-portal.org/ctrack.html#view=act&aid=CA-3-D001692001",2
"US-GOV-2-BF-FCC-686-2016-005-00","Food for Progress. FOOD FOR PROGRESS","United States","24,192,500","692,171","USD","http://d-portal.org/ctrack.html#view=act&aid=US-GOV-2-BF-FCC-686-2016-005-00",2
"US-GOV-2-BF-FFE6862018006","McGovern-Dole. McGovern-Dole Food for Education","United States","1,050,470","1,050,470","USD","http://d-portal.org/ctrack.html#view=act&aid=US-GOV-2-BF-FFE6862018006",2
"DAC-1601-OPP1206289","Accelerating reductions in micronutrient deficiencies through fortified b","Bill & Melinda Gates Foundation","7,625,460","2,590,190","USD","http://d-portal.org/ctrack.html#view=act&aid=DAC-1601-OPP1206289",2
"US-GOV-1-AID-GH-T-15-00002","Inter-Agency Agreement (IAA) with HHS/CDC","United States Agency for International Development (USAID)","137,577,000","96,213,400","USD","http://d-portal.org/ctrack.html#view=act&aid=US-GOV-1-AID-GH-T-15-00002",2
"DAC-1601-OPP1063942","Advance Family Planning—Fulfilling the London Summit on Family Planning C","Bill & Melinda Gates Foundation","78,267,300","65,767,300","USD","http://d-portal.org/ctrack.html#view=act&aid=DAC-1601-OPP1063942",2
"CA-3-P006331001","HerWASH: Menstrual Health for Sexual and Reproductive Health and Rights","Canada - Global Affairs Canada | Affaires mondiales Canada","3,591,590","565,768","USD","http://d-portal.org/ctrack.html#view=act&aid=CA-3-P006331001",2
"DAC-1601-OPP1198339","PMA2020 Reinvestment: Jhpiego Project Management Unit","Bill & Melinda Gates Foundation","29,986,300","10,340,200","USD","http://d-portal.org/ctrack.html#view=act&aid=DAC-1601-OPP1198339",2
"DAC-1601-OPP1198333","PMA2020 Reinvestment: Gates Institute Technical Unit","Bill & Melinda Gates Foundation","10,965,700","4,692,700","USD","http://d-portal.org/ctrack.html#view=act&aid=DAC-1601-OPP1198333",2
"CH-4-2017006260","Crédit global pour petites actions","Switzerland - Swiss Agency for Development and Cooperation (SDC)","-45,292","-45,292","USD","http://d-portal.org/ctrack.html#view=act&aid=CH-4-2017006260",2
"47122-BFA","Burkina Faso: Gavi Programme and Impact","Gavi, the vaccine alliance","251,608,000",0,"USD","http://d-portal.org/ctrack.html#view=act&aid=47122-BFA",2
"DAC-1601-OPP1175487","EQUIP – Strengthening smallholder livestock systems for the future","Bill & Melinda Gates Foundation","8,742,890","6,911,540","USD","http://d-portal.org/ctrack.html#view=act&aid=DAC-1601-OPP1175487",2
"DAC-1601-OPP1127988","Severe Typhoid in Africa (SETA): Expansion of Typhoid Fever Surveillance","Bill & Melinda Gates Foundation","13,862,800","10,978,300","USD","http://d-portal.org/ctrack.html#view=act&aid=DAC-1601-OPP1127988",2
"GB-COH-09288843-BurkinaFaso2019-2023","The Burkina Faso Health Service Reinforcement Project","The Power of Nutrition","11,100,000","11,100,000","USD","http://d-portal.org/ctrack.html#view=act&aid=GB-COH-09288843-BurkinaFaso2019-2023",2
"GB-CHC-207544-93102","Bukina Faso - AUD Accelerate","Sightsavers","817,898","467,515","USD","http://d-portal.org/ctrack.html#view=act&aid=GB-CHC-207544-93102",2
"44000-P164696","Health Services Reinforcement Project","The World Bank","80,000,000","8,098,180","USD","http://d-portal.org/ctrack.html#view=act&aid=44000-P164696",2
"US-GOV-1-7200AA18N00001","Environmental Compliance Support Contract (ECOS)","United States Agency for International Development (USAID)","12,617,200","5,961,180","USD","http://d-portal.org/ctrack.html#view=act&aid=US-GOV-1-7200AA18N00001",2
"US-GOV-1-7200AA18C00083","Demographic Health Survey-8'; Implementing_Mech_Purpose_Smt = 'Support a second DHS survey (2020-2021), National Health Survey and its dissemination, as well as secondary analysis activities jointly with the Ministry of Health and Sports.","United States Agency for International Development (USAID)","44,937,900","14,171,000","USD","http://d-portal.org/ctrack.html#view=act&aid=US-GOV-1-7200AA18C00083",2
"US-GOV-1-7200AA18C00074","Medicines, Technologies, and Pharmaceutical Services  (MTaPS)","United States Agency for International Development (USAID)","36,693,500","19,088,500","USD","http://d-portal.org/ctrack.html#view=act&aid=US-GOV-1-7200AA18C00074",2
"US-GOV-1-AID-PPL-T-12-00002","Small Project Assistance (SPA) Program with Peace Corps","United States Agency for International Development (USAID)","14,749,000","16,841,100","USD","http://d-portal.org/ctrack.html#view=act&aid=US-GOV-1-AID-PPL-T-12-00002",2
"US-GOV-2-BF-LRP-686-2019015-00","McGovern-Dole","United States","4,800,000",0,"USD","http://d-portal.org/ctrack.html#view=act&aid=US-GOV-2-BF-LRP-686-2019015-00",2
"US-GOV-1-AID-OAA-TO-15-00009","Global Health Supply Chain - Procurement and Supply Management (GSHC-PSM) IDIQ - Malaria Task Order","United States Agency for International Development (USAID)","1,213,040,000","865,858,000","USD","http://d-portal.org/ctrack.html#view=act&aid=US-GOV-1-AID-OAA-TO-15-00009",2
"BE-BCE_KBO-0264814354-BKF1803011","Renforcement des droits sexuels et reproductifs","Belgian development agency (Enabel)",0,0,"USD","http://d-portal.org/ctrack.html#view=act&aid=BE-BCE_KBO-0264814354-BKF1803011",2
"44000-P164345","Burkina Faso Water Supply and Sanitation Program","The World Bank","300,000,000","68,285,800","USD","http://d-portal.org/ctrack.html#view=act&aid=44000-P164345",2
"NL-KVK-27378529-26067_3","PSD Toolkit – Phase 2","Netherlands Enterprise Agency",0,0,"USD","http://d-portal.org/ctrack.html#view=act&aid=NL-KVK-27378529-26067_3",2
"US-GOV-1-AID-GHA-G-00-06-00001","Food and Agriculture Organization of the UN (FAO)","United States Agency for International Development (USAID)","207,854,000","190,518,000","USD","http://d-portal.org/ctrack.html#view=act&aid=US-GOV-1-AID-GHA-G-00-06-00001",2
"CA-3-D001952001","Innovation Platform for Maternal, Newborn and Child Health","Canada - Global Affairs Canada | Affaires mondiales Canada","125,143,000","80,137,000","USD","http://d-portal.org/ctrack.html#view=act&aid=CA-3-D001952001",2
"FR-3-CBF133401","Education à la santé sexuelle et accès à la planification familiale des populations des quartiers périphériques de Ouagadougou.","Agence Française de Développement","368,999","194,302","USD","http://d-portal.org/ctrack.html#view=act&aid=FR-3-CBF133401",2
"GB-CHC-220949-P322","Sahel Livelihoods Programme","British Red Cross","182,633","182,633","USD","http://d-portal.org/ctrack.html#view=act&aid=GB-CHC-220949-P322",2
"NL-KVK-27378529-19390","Facility for Infrastructure Development (ORIO)","Netherlands Enterprise Agency",0,0,"USD","http://d-portal.org/ctrack.html#view=act&aid=NL-KVK-27378529-19390",2
"US-USAGOV-14-PEPFAR-81508","Mechanism 81508 - Game Changer Year 2","United States",0,0,"USD","http://d-portal.org/ctrack.html#view=act&aid=US-USAGOV-14-PEPFAR-81508",2
"US-USAGOV-14-PEPFAR-81057","Mechanism 81057 - Health Policy Plus (HP+)","United States","237,500",0,"USD","http://d-portal.org/ctrack.html#view=act&aid=US-USAGOV-14-PEPFAR-81057",2
"BE-BCE_KBO-0460162753-PROG17-21_OS6_BurkinaFaso","PROG17-21_Outcome_Les enfants et jeunes en situation de rue à Ouagadougou sont réinsérés grâce à la mise en œuvre d’une stratégie de réhabilitation et de réintégration","Medecins du Monde Belgique - Dokters van de Wereld Belgïe","278,555","278,555","USD","http://d-portal.org/ctrack.html#view=act&aid=BE-BCE_KBO-0460162753-PROG17-21_OS6_BurkinaFaso",2
"BE-BCE_KBO-0264814354-BKF_00_001","Regional support to the fight against STDs and AIDS","Belgian development agency (Enabel)",0,0,"USD","http://d-portal.org/ctrack.html#view=act&aid=BE-BCE_KBO-0264814354-BKF_00_001",3
"FR-3-CBF136701","Création d'un Dispositif de Santé et Protection Sociale pour les familles vulnérables au Burkina Faso et validation du modèle à travers une recherche-action","Agence Française de Développement","497,785","210,840","USD","http://d-portal.org/ctrack.html#view=act&aid=FR-3-CBF136701",2